<problems>
<problem>
  <file>file://$PROJECT_DIR$/app/build.gradle.kts</file>
  <line>45</line>
  <module>FinalCloneAPP.app</module>
  <package>&lt;default&gt;</package>
  <entry_point TYPE="file" FQNAME="file://$PROJECT_DIR$/app/build.gradle.kts" />
  <problem_class id="AndroidLintGradleDependency" severity="WARNING" attribute_key="WARNING_ATTRIBUTES">Obsolete Gradle Dependency</problem_class>
  <hints />
  <description>&lt;html&gt;A newer version of com.google.android.libraries.places:places than 3.3.0 is available: 4.1.0&lt;/html&gt;</description>
  <highlighted_element>&quot;com.google.android.libraries.places:places:3.3.0&quot;</highlighted_element>
  <language>kotlin</language>
  <offset>20</offset>
  <length>50</length>
</problem>
<problem>
  <file>file://$PROJECT_DIR$/app/build.gradle.kts</file>
  <line>47</line>
  <module>FinalCloneAPP.app</module>
  <package>&lt;default&gt;</package>
  <entry_point TYPE="file" FQNAME="file://$PROJECT_DIR$/app/build.gradle.kts" />
  <problem_class id="AndroidLintGradleDependency" severity="WARNING" attribute_key="WARNING_ATTRIBUTES">Obsolete Gradle Dependency</problem_class>
  <hints />
  <description>&lt;html&gt;A newer version of com.google.android.gms:play-services-maps than 18.1.0 is available: 19.0.0. Upgrading to at least 18.2.0 is highly recommended to take advantage of the new renderer, which supports customization options like map styling, 3D tiles, and is more reliable, with better support going forward.&lt;/html&gt;</description>
  <highlighted_element>&quot;com.google.android.gms:play-services-maps:18.1.0&quot;</highlighted_element>
  <language>kotlin</language>
  <offset>20</offset>
  <length>50</length>
</problem>
<problem>
  <file>file://$PROJECT_DIR$/app/build.gradle.kts</file>
  <line>48</line>
  <module>FinalCloneAPP.app</module>
  <package>&lt;default&gt;</package>
  <entry_point TYPE="file" FQNAME="file://$PROJECT_DIR$/app/build.gradle.kts" />
  <problem_class id="AndroidLintGradleDependency" severity="WARNING" attribute_key="WARNING_ATTRIBUTES">Obsolete Gradle Dependency</problem_class>
  <hints />
  <description>&lt;html&gt;A newer version of androidx.compose.material3:material3 than 1.1.2 is available: 1.3.1&lt;/html&gt;</description>
  <highlighted_element>&quot;androidx.compose.material3:material3:1.1.2&quot;</highlighted_element>
  <language>kotlin</language>
  <offset>20</offset>
  <length>44</length>
</problem>
<problem>
  <file>file://$PROJECT_DIR$/app/build.gradle.kts</file>
  <line>52</line>
  <module>FinalCloneAPP.app</module>
  <package>&lt;default&gt;</package>
  <entry_point TYPE="file" FQNAME="file://$PROJECT_DIR$/app/build.gradle.kts" />
  <problem_class id="AndroidLintGradleDependency" severity="WARNING" attribute_key="WARNING_ATTRIBUTES">Obsolete Gradle Dependency</problem_class>
  <hints />
  <description>&lt;html&gt;A newer version of androidx.compose.material3:material3 than 1.0.0 is available: 1.3.1&lt;/html&gt;</description>
  <highlighted_element>&quot;androidx.compose.material3:material3:1.0.0&quot;</highlighted_element>
  <language>kotlin</language>
  <offset>20</offset>
  <length>44</length>
</problem>
<problem>
  <file>file://$PROJECT_DIR$/app/build.gradle.kts</file>
  <line>53</line>
  <module>FinalCloneAPP.app</module>
  <package>&lt;default&gt;</package>
  <entry_point TYPE="file" FQNAME="file://$PROJECT_DIR$/app/build.gradle.kts" />
  <problem_class id="AndroidLintGradleDependency" severity="WARNING" attribute_key="WARNING_ATTRIBUTES">Obsolete Gradle Dependency</problem_class>
  <hints />
  <description>&lt;html&gt;A newer version of androidx.navigation:navigation-compose than 2.7.5 is available: 2.8.7&lt;/html&gt;</description>
  <highlighted_element>&quot;androidx.navigation:navigation-compose:2.7.5&quot;</highlighted_element>
  <language>kotlin</language>
  <offset>19</offset>
  <length>46</length>
</problem>
<problem>
  <file>file://$PROJECT_DIR$/gradle/libs.versions.toml</file>
  <line>9</line>
  <module>FinalCloneAPP</module>
  <entry_point TYPE="file" FQNAME="file://$PROJECT_DIR$/gradle/libs.versions.toml" />
  <problem_class id="AndroidLintGradleDependency" severity="WARNING" attribute_key="WARNING_ATTRIBUTES">Obsolete Gradle Dependency</problem_class>
  <hints />
  <description>&lt;html&gt;A newer version of androidx.activity:activity-compose than 1.9.3 is available: 1.10.0&lt;/html&gt;</description>
  <highlighted_element>&quot;1.9.3&quot;</highlighted_element>
  <language>TOML</language>
  <offset>18</offset>
  <length>7</length>
</problem>
<problem>
  <file>file://$PROJECT_DIR$/gradle/libs.versions.toml</file>
  <line>10</line>
  <module>FinalCloneAPP</module>
  <entry_point TYPE="file" FQNAME="file://$PROJECT_DIR$/gradle/libs.versions.toml" />
  <problem_class id="AndroidLintGradleDependency" severity="WARNING" attribute_key="WARNING_ATTRIBUTES">Obsolete Gradle Dependency</problem_class>
  <hints />
  <description>&lt;html&gt;A newer version of androidx.compose:compose-bom than 2024.04.01 is available: 2025.02.00&lt;/html&gt;</description>
  <highlighted_element>&quot;2024.04.01&quot;</highlighted_element>
  <language>TOML</language>
  <offset>13</offset>
  <length>12</length>
</problem>
</problems>