<problems>
<problem>
  <file>file://$PROJECT_DIR$/app/src/main/java/com/hakudesu/finalcloneapp/screen/OTPScreen.kt</file>
  <line>49</line>
  <module>FinalCloneAPP.app.main</module>
  <package>com.hakudesu.finalcloneapp.screen</package>
  <entry_point TYPE="file" FQNAME="file://$PROJECT_DIR$/app/src/main/java/com/hakudesu/finalcloneapp/screen/OTPScreen.kt" />
  <problem_class id="AndroidLintDefaultLocale" severity="WARNING" attribute_key="WARNING_ATTRIBUTES">Implied default locale in case conversion</problem_class>
  <hints />
  <description>&lt;html&gt;Implicitly using the default locale is a common source of bugs: Use &lt;code&gt;String.format(Locale, ...)&lt;/code&gt; instead&lt;/html&gt;</description>
  <highlighted_element>String.format(&quot;%02d:%02d&quot;, minutes, seconds)</highlighted_element>
  <language>kotlin</language>
  <offset>20</offset>
  <length>44</length>
</problem>
</problems>