<problems>
<problem>
  <file>file://$PROJECT_DIR$/app/src/main/res/drawable/cake.png</file>
  <line>1</line>
  <module>FinalCloneAPP.app.main</module>
  <entry_point TYPE="file" FQNAME="file://$PROJECT_DIR$/app/src/main/res/drawable/cake.png" />
  <problem_class id="AndroidLintUnusedResources" severity="WARNING" attribute_key="WARNING_ATTRIBUTES">Unused resources</problem_class>
  <hints />
  <description>&lt;html&gt;The resource &lt;code&gt;R.drawable.cake&lt;/code&gt; appears to be unused&lt;/html&gt;</description>
  <highlighted_element />
  <language />
</problem>
<problem>
  <file>file://$PROJECT_DIR$/app/src/main/res/drawable/drink.png</file>
  <line>1</line>
  <module>FinalCloneAPP.app.main</module>
  <entry_point TYPE="file" FQNAME="file://$PROJECT_DIR$/app/src/main/res/drawable/drink.png" />
  <problem_class id="AndroidLintUnusedResources" severity="WARNING" attribute_key="WARNING_ATTRIBUTES">Unused resources</problem_class>
  <hints />
  <description>&lt;html&gt;The resource &lt;code&gt;R.drawable.drink&lt;/code&gt; appears to be unused&lt;/html&gt;</description>
  <highlighted_element />
  <language />
</problem>
<problem>
  <file>file://$PROJECT_DIR$/app/src/main/res/drawable/fruit.png</file>
  <line>1</line>
  <module>FinalCloneAPP.app.main</module>
  <entry_point TYPE="file" FQNAME="file://$PROJECT_DIR$/app/src/main/res/drawable/fruit.png" />
  <problem_class id="AndroidLintUnusedResources" severity="WARNING" attribute_key="WARNING_ATTRIBUTES">Unused resources</problem_class>
  <hints />
  <description>&lt;html&gt;The resource &lt;code&gt;R.drawable.fruit&lt;/code&gt; appears to be unused&lt;/html&gt;</description>
  <highlighted_element />
  <language />
</problem>
<problem>
  <file>file://$PROJECT_DIR$/app/src/main/res/drawable/ic_launcher_background.xml</file>
  <line>2</line>
  <module>FinalCloneAPP.app.main</module>
  <entry_point TYPE="file" FQNAME="file://$PROJECT_DIR$/app/src/main/res/drawable/ic_launcher_background.xml" />
  <problem_class id="AndroidLintUnusedResources" severity="WARNING" attribute_key="WARNING_ATTRIBUTES">Unused resources</problem_class>
  <hints />
  <description>&lt;html&gt;The resource &lt;code&gt;R.drawable.ic_launcher_background&lt;/code&gt; appears to be unused&lt;/html&gt;</description>
  <highlighted_element>&lt;vector xmlns:android=&quot;http://schemas.android.com/apk/res/android&quot; android:width=&quot;108dp&quot; and...</highlighted_element>
  <language>XML</language>
  <offset>0</offset>
  <length>5566</length>
</problem>
<problem>
  <file>file://$PROJECT_DIR$/app/src/main/res/drawable/ic_launcher_foreground.xml</file>
  <line>1</line>
  <module>FinalCloneAPP.app.main</module>
  <entry_point TYPE="file" FQNAME="file://$PROJECT_DIR$/app/src/main/res/drawable/ic_launcher_foreground.xml" />
  <problem_class id="AndroidLintUnusedResources" severity="WARNING" attribute_key="WARNING_ATTRIBUTES">Unused resources</problem_class>
  <hints />
  <description>&lt;html&gt;The resource &lt;code&gt;R.drawable.ic_launcher_foreground&lt;/code&gt; appears to be unused&lt;/html&gt;</description>
  <highlighted_element>&lt;vector xmlns:android=&quot;http://schemas.android.com/apk/res/android&quot; xmlns:aapt=&quot;http://schemas.an...</highlighted_element>
  <language>XML</language>
  <offset>0</offset>
  <length>1702</length>
</problem>
<problem>
  <file>file://$PROJECT_DIR$/app/src/main/res/mipmap-hdpi/ic_launcher.webp</file>
  <line>1</line>
  <module>FinalCloneAPP.app.main</module>
  <entry_point TYPE="file" FQNAME="file://$PROJECT_DIR$/app/src/main/res/mipmap-hdpi/ic_launcher.webp" />
  <problem_class id="AndroidLintUnusedResources" severity="WARNING" attribute_key="WARNING_ATTRIBUTES">Unused resources</problem_class>
  <hints />
  <description>&lt;html&gt;The resource &lt;code&gt;R.mipmap.ic_launcher&lt;/code&gt; appears to be unused&lt;/html&gt;</description>
  <highlighted_element />
  <language />
</problem>
<problem>
  <file>file://$PROJECT_DIR$/app/src/main/res/mipmap-hdpi/ic_launcher_round.webp</file>
  <line>1</line>
  <module>FinalCloneAPP.app.main</module>
  <entry_point TYPE="file" FQNAME="file://$PROJECT_DIR$/app/src/main/res/mipmap-hdpi/ic_launcher_round.webp" />
  <problem_class id="AndroidLintUnusedResources" severity="WARNING" attribute_key="WARNING_ATTRIBUTES">Unused resources</problem_class>
  <hints />
  <description>&lt;html&gt;The resource &lt;code&gt;R.mipmap.ic_launcher_round&lt;/code&gt; appears to be unused&lt;/html&gt;</description>
  <highlighted_element />
  <language />
</problem>
<problem>
  <file>file://$PROJECT_DIR$/app/src/main/res/values/colors.xml</file>
  <line>3</line>
  <module>FinalCloneAPP.app.main</module>
  <entry_point TYPE="file" FQNAME="file://$PROJECT_DIR$/app/src/main/res/values/colors.xml" />
  <problem_class id="AndroidLintUnusedResources" severity="WARNING" attribute_key="WARNING_ATTRIBUTES">Unused resources</problem_class>
  <hints />
  <description>&lt;html&gt;The resource &lt;code&gt;R.color.purple_200&lt;/code&gt; appears to be unused&lt;/html&gt;</description>
  <highlighted_element>name=&quot;purple_200&quot;</highlighted_element>
  <language>XML</language>
  <offset>11</offset>
  <length>17</length>
</problem>
<problem>
  <file>file://$PROJECT_DIR$/app/src/main/res/values/colors.xml</file>
  <line>4</line>
  <module>FinalCloneAPP.app.main</module>
  <entry_point TYPE="file" FQNAME="file://$PROJECT_DIR$/app/src/main/res/values/colors.xml" />
  <problem_class id="AndroidLintUnusedResources" severity="WARNING" attribute_key="WARNING_ATTRIBUTES">Unused resources</problem_class>
  <hints />
  <description>&lt;html&gt;The resource &lt;code&gt;R.color.purple_500&lt;/code&gt; appears to be unused&lt;/html&gt;</description>
  <highlighted_element>name=&quot;purple_500&quot;</highlighted_element>
  <language>XML</language>
  <offset>11</offset>
  <length>17</length>
</problem>
<problem>
  <file>file://$PROJECT_DIR$/app/src/main/res/values/colors.xml</file>
  <line>5</line>
  <module>FinalCloneAPP.app.main</module>
  <entry_point TYPE="file" FQNAME="file://$PROJECT_DIR$/app/src/main/res/values/colors.xml" />
  <problem_class id="AndroidLintUnusedResources" severity="WARNING" attribute_key="WARNING_ATTRIBUTES">Unused resources</problem_class>
  <hints />
  <description>&lt;html&gt;The resource &lt;code&gt;R.color.purple_700&lt;/code&gt; appears to be unused&lt;/html&gt;</description>
  <highlighted_element>name=&quot;purple_700&quot;</highlighted_element>
  <language>XML</language>
  <offset>11</offset>
  <length>17</length>
</problem>
<problem>
  <file>file://$PROJECT_DIR$/app/src/main/res/values/colors.xml</file>
  <line>6</line>
  <module>FinalCloneAPP.app.main</module>
  <entry_point TYPE="file" FQNAME="file://$PROJECT_DIR$/app/src/main/res/values/colors.xml" />
  <problem_class id="AndroidLintUnusedResources" severity="WARNING" attribute_key="WARNING_ATTRIBUTES">Unused resources</problem_class>
  <hints />
  <description>&lt;html&gt;The resource &lt;code&gt;R.color.teal_200&lt;/code&gt; appears to be unused&lt;/html&gt;</description>
  <highlighted_element>name=&quot;teal_200&quot;</highlighted_element>
  <language>XML</language>
  <offset>11</offset>
  <length>15</length>
</problem>
<problem>
  <file>file://$PROJECT_DIR$/app/src/main/res/values/colors.xml</file>
  <line>7</line>
  <module>FinalCloneAPP.app.main</module>
  <entry_point TYPE="file" FQNAME="file://$PROJECT_DIR$/app/src/main/res/values/colors.xml" />
  <problem_class id="AndroidLintUnusedResources" severity="WARNING" attribute_key="WARNING_ATTRIBUTES">Unused resources</problem_class>
  <hints />
  <description>&lt;html&gt;The resource &lt;code&gt;R.color.teal_700&lt;/code&gt; appears to be unused&lt;/html&gt;</description>
  <highlighted_element>name=&quot;teal_700&quot;</highlighted_element>
  <language>XML</language>
  <offset>11</offset>
  <length>15</length>
</problem>
<problem>
  <file>file://$PROJECT_DIR$/app/src/main/res/values/colors.xml</file>
  <line>8</line>
  <module>FinalCloneAPP.app.main</module>
  <entry_point TYPE="file" FQNAME="file://$PROJECT_DIR$/app/src/main/res/values/colors.xml" />
  <problem_class id="AndroidLintUnusedResources" severity="WARNING" attribute_key="WARNING_ATTRIBUTES">Unused resources</problem_class>
  <hints />
  <description>&lt;html&gt;The resource &lt;code&gt;R.color.black&lt;/code&gt; appears to be unused&lt;/html&gt;</description>
  <highlighted_element>name=&quot;black&quot;</highlighted_element>
  <language>XML</language>
  <offset>11</offset>
  <length>12</length>
</problem>
<problem>
  <file>file://$PROJECT_DIR$/app/src/main/res/values/colors.xml</file>
  <line>9</line>
  <module>FinalCloneAPP.app.main</module>
  <entry_point TYPE="file" FQNAME="file://$PROJECT_DIR$/app/src/main/res/values/colors.xml" />
  <problem_class id="AndroidLintUnusedResources" severity="WARNING" attribute_key="WARNING_ATTRIBUTES">Unused resources</problem_class>
  <hints />
  <description>&lt;html&gt;The resource &lt;code&gt;R.color.white&lt;/code&gt; appears to be unused&lt;/html&gt;</description>
  <highlighted_element>name=&quot;white&quot;</highlighted_element>
  <language>XML</language>
  <offset>11</offset>
  <length>12</length>
</problem>
</problems>