<problems>
<problem>
  <file>file://$PROJECT_DIR$/gradle/libs.versions.toml</file>
  <line>2</line>
  <module>FinalCloneAPP</module>
  <entry_point TYPE="file" FQNAME="file://$PROJECT_DIR$/gradle/libs.versions.toml" />
  <problem_class id="AndroidLintAndroidGradlePluginVersion" severity="WARNING" attribute_key="WARNING_ATTRIBUTES">Obsolete Android Gradle Plugin Version</problem_class>
  <hints />
  <description>&lt;html&gt;A newer version of com.android.application than 8.7.2 is available: 8.7.3&lt;/html&gt;</description>
  <highlighted_element>&quot;8.7.2&quot;</highlighted_element>
  <language>TOML</language>
  <offset>6</offset>
  <length>7</length>
</problem>
</problems>